"{2, 13, 2.666666666666667, 0.5345224838248488, 1}","{2, 15, 2.2500000000000013, 0.5, 1}","{2, 11, 2.333333333333336, 0.48795003647426655, 1}","{2, 15, 3.0000000000000018, 0.5, 1}","{2, 17, 2.500000000000007, 0.4216370213557839, 1}","{2, 13, 2., 0.5345224838248488, 1}","{2, 13, 2.666666666666667, 0.7440238091428449, 1}","{2, 13, 2.666666666666667, 0.5345224838248488, 1}","{2, 11, 2.333333333333336, 0.48795003647426655, 1}","{2, 17, 2.500000000000007, 0.4216370213557839, 1}","{2, 11, 2.333333333333336, 0.48795003647426655, 1}","{2, 15, 2.2500000000000013, 0.5, 1}","{2, 15, 3.0000000000000018, 0.5, 1}","{2, 11, 2.333333333333336, 0.48795003647426655, 1}","{2, 13, 2.666666666666667, 0.5345224838248488, 1}","{2, 11, 2.333333333333336, 0.48795003647426655, 1}","{2, 9, 2., 0., 1}","{2, 11, 2.333333333333336, 0.48795003647426655, 1}","{2, 13, 2.666666666666667, 0.5345224838248488, 1}","{2, 15, 2.2500000000000013, 0.8333333333333334, 1}","{2, 13, 2.666666666666667, 0.5345224838248488, 1}","{2, 9, 0.4082482904638632, 0.752772652709081, 1}","{2, 11, 2.333333333333336, 0.48795003647426655, 1}","{2, 13, 2.666666666666667, 0.5345224838248488, 1}","{2, 11, 2.333333333333336, 0.48795003647426655, 1}","{2, 15, 2.2500000000000013, 0.5, 1}","{2, 19, 2.750000000000003, 0.6324555320336759, 1}","{2, 13, 2.666666666666667, 0.5345224838248488, 1}","{2, 15, 3.0000000000000018, 0.5, 1}","{2, 11, 2.333333333333336, 0.48795003647426655, 1}"
"{3, 21, 3.0000000000000018, 0.7177405625652734, 1}","{3, 25, 2.1602468994692856, 0.4688072309384954, 1}","{3, 25, 2.8000000000000016, 0.7559289460184544, 1}","{3, 25, 2.8000000000000016, 0.6333236937766509, 1}","{3, 25, 3.5000000000000018, 0.7559289460184544, 1}","{3, 21, 3.0000000000000018, 0.8660254037844386, 1}","{3, 29, 2.309401076758502, 0.727438428093173, 1}","{3, 25, 2.3333333333333375, 0.6333236937766509, 1}","{3, 25, 2.3333333333333375, 0.6333236937766509, 1}","{3, 19, 2.2000000000000024, 0.30151134457776363, 1}","{3, 25, 2.8000000000000016, 0.6333236937766509, 1}","{3, 27, 2.2360679774997907, 0.6399404734221844, 1}","{3, 27, 3.000000000000002, 1.0465362369445672, 1}","{3, 31, 2.3804761428476184, 0.6063390625908325, 1}","{3, 21, 3.0000000000000018, 0.8660254037844386, 1}","{3, 15, 3.0000000000000018, 0.5, 1}","{3, 21, 3.0000000000000018, 0.7177405625652734, 1}","{3, 23, 2.600000000000002, 0.5991446895152781, 1}","{3, 31, 2.3804761428476184, 0.8313702367707394, 1}","{3, 23, 2.600000000000002, 0.5991446895152781, 1}","{3, 19, 2.2000000000000024, 0.30151134457776363, 1}","{3, 29, 2.3094010767585043, 0.806225774829855, 1}","{3, 27, 2.5000000000000053, 0.7432233529572065, 1}","{3, 31, 2.380476142847616, 0.6063390625908325, 1}","{3, 21, 3.0000000000000018, 0.7177405625652734, 1}","{3, 23, 2.600000000000002, 0.7510676161988108, 1}","{3, 23, 3.250000000000002, 0.7510676161988108, 1}","{3, 21, 3.0000000000000018, 0.8660254037844386, 1}","{3, 19, 3.666666666666671, 0.8312094145936335, 1}","{3, 21, 2.4000000000000012, 0.5149286505444373, 1}"
"{4, 41, 2.7080128015453213, 0.7501803534954529, 1}","{4, 57, 3.162277660168378, 0.9878573120474015, 9/10}","{4, 39, 2.6457513110645907, 0.8047478161629565, 1}","{4, 57, 2.7386127875258337, 0.932183199398798, 14/15}","{4, 41, 2.7080128015453213, 0.7501803534954529, 1}","{4, 37, 2.581988897471611, 0.998683343734455, 1}","{4, 39, 3.000000000000002, 0.980767435177556, 1}","{4, 35, 2.516611478423586, 0.6882472016116853, 1}","{4, 47, 2.499999999999998, 1.003327796219494, 24/25}","{4, 53, 2.3664319132398477, 0.7444681351359534, 1}","{4, 41, 2.7080128015453213, 1.006472559480393, 21/22}","{4, 43, 2.768874620972692, 1.0706283478819985, 1}","{4, 47, 2.236067977499789, 0.6454972243679029, 1}","{4, 55, 2.4083189157584584, 0.7361195019711583, 1}","{4, 39, 3.2403703492039293, 1.1464230084422218, 20/21}","{4, 29, 3.200000000000002, 0.873212459828649, 1}","{4, 51, 2.5980762113533182, 0.9336995618478525, 26/27}","{4, 41, 2.7080128015453213, 0.8335497554466649, 1}","{4, 43, 2.3979157616563596, 0.668311541278118, 1}","{4, 41, 3.6666666666666683, 1.0861186305619104, 1}","{4, 45, 2.8284271247461903, 0.8968544062928813, 1}","{4, 35, 2.5166114784235836, 0.7647191129018726, 1}","{4, 29, 2.309401076758502, 0.806225774829855, 1}","{4, 57, 2.4494897427831797, 1.0283342182227606, 13/15}","{4, 51, 2.5980762113533182, 0.6793662204867574, 1}","{4, 41, 2.7080128015453213, 0.940893928815244, 21/22}","{4, 33, 3.0000000000000075, 0.8574929257125442, 1}","{4, 37, 2.581988897471611, 1.0894228312566052, 19/20}","{4, 41, 3.1428571428571472, 0.9847319278346619, 1}","{4, 47, 2.499999999999998, 0.9, 1}"
"{5, 77, 2.581988897471609, 0.9442810316143531, 9/10}","{5, 67, 2.6457513110645907, 0.9000466841300209, 32/35}","{5, 77, 2.581988897471609, 0.8911962574151494, 39/40}","{5, 69, 2.6832815729997472, 1.430673057279474, 11/12}","{5, 57, 2.4494897427831797, 1.1351236704106018, 29/30}","{5, 45, 2.4494897427831774, 0.858672720295521, 1}","{5, 69, 3.000000000000001, 1.0939951539314043, 35/36}","{5, 75, 2.5495097567963896, 0.8425268850053482, 12/13}","{5, 81, 2.4258048343234644, 0.83790846298059, 37/42}","{5, 95, 2.5406210619397918, 0.917516612761795, 40/49}","{5, 89, 2.5316467016004824, 0.8849247354660246, 41/46}","{5, 77, 2.828427124746188, 0.9554164080758257, 9/10}","{5, 85, 2.7080128015453213, 1.0535352747074271, 21/22}","{5, 87, 2.4297594011263572, 0.9534625892455925, 13/15}","{5, 69, 2.9999999999999982, 0.8106434833777775, 17/18}","{5, 67, 2.290224402295061, 0.9102589898327994, 32/35}","{5, 89, 2.445833372705936, 0.8156086017841817, 41/46}","{5, 87, 2.738612787525831, 0.9862693712811287, 14/15}","{5, 75, 2.7928480087537904, 1.0891440757832571, 11/13}","{5, 83, 2.6770630673681683, 0.9323757150288916, 41/43}","{5, 73, 2.3474302859300122, 1.1098934374027798, 18/19}","{5, 105, 2.6333890229493404, 1.109170212567593, 23/27}","{5, 57, 2.7386127875258337, 0.8583598366625749, 29/30}","{5, 39, 3.5000000000000018, 1.2835961388299078, 19/21}","{5, 113, 2.6904522649913223, 0.9143607911444668, 25/29}","{5, 45, 2.8284271247461903, 0.7790276362049131, 1}","{5, 103, 2.641548019498349, 1.0488780376578524, 45/53}","{5, 109, 2.6855432882551638, 0.8072319224506528, 7/8}","{5, 73, 2.5166114784235813, 0.8988692121757422, 33/38}","{5, 67, 2.6457513110645907, 0.9437988676201133, 31/35}"
"{6, 119, 2.458304552724676, 1.156119380452522, 52/61}","{6, 145, 2.4640813929251575, 0.9000390793276255, 30/37}","{6, 123, 2.731868492323623, 0.9441657972725847, 6/7}","{6, 139, 2.4569838761408644, 1.0342232381054994, 60/71}","{6, 95, 2.56538301308558, 1.2093738189714567, 6/7}","{6, 113, 2.4135298183636085, 0.8792836549808688, 51/58}","{6, 153, 2.987497518624877, 1.023613964239228, 5/6}","{6, 121, 2.7247688334964955, 0.9865569183511327, 53/62}","{6, 109, 2.662277373061385, 1.1082629440916778, 23/28}","{6, 105, 2.392732405520362, 0.8106988987302967, 49/54}","{6, 155, 2.6963152079816415, 1.0785447057243496, 64/79}","{6, 123, 2.749556584336698, 1.1655140235398715, 17/21}","{6, 145, 2.6402731141264493, 0.859319620998468, 57/74}","{6, 115, 2.4338417597959907, 0.9959004219784152, 53/59}","{6, 103, 2.628691253036777, 0.9115450447730039, 46/53}","{6, 97, 2.5560660463515315, 1.0079277589921505, 41/50}","{6, 103, 2.379352374065507, 1.0492239166574129, 43/53}","{6, 109, 2.453026249774782, 0.8526124863899496, 6/7}","{6, 129, 2.5985446611266476, 1.0543505165053089, 17/22}","{6, 133, 2.834523633011855, 1.0785643890617116, 53/68}","{6, 143, 2.4775456189009994, 0.8749864099836134, 57/73}","{6, 137, 2.581716334277109, 0.8444190181781018, 27/35}","{6, 137, 2.596622101931493, 0.9619037369570006, 29/35}","{6, 111, 2.4264004421492578, 0.9908731371547203, 49/57}","{6, 137, 2.5719912151581044, 1.1420804814403216, 61/70}","{6, 149, 2.487546003690135, 0.8095916232837567, 15/19}","{6, 163, 2.5573253452880094, 0.9054638729150245, 61/83}","{6, 127, 2.596834938851293, 1.0488088481701516, 53/65}","{6, 107, 2.6835203591607337, 1.205207555786659, 9/11}","{6, 137, 2.402348942903072, 0.8016546036290622, 59/70}"
"{7, 229, 2.496334682289388, 1.0778887131615302, 43/58}","{7, 239, 2.5287086973261155, 1.0183576687970666, 82/121}","{7, 177, 2.4624219049387364, 0.9833190502358855, 23/30}","{7, 195, 2.8994022782601303, 1.0820779082228913, 70/99}","{7, 201, 2.5640629145266507, 1.041182667600264, 38/51}","{7, 235, 2.5536172334845952, 1.0452652317202622, 92/119}","{7, 149, 2.6651804048886425, 0.7825957707213074, 17/19}","{7, 249, 2.771025384808416, 1.1597755666849363, 9/14}","{7, 225, 2.531995011249812, 1.0736357301736088, 77/114}","{7, 209, 2.4554094114674467, 1.0435701386690082, 40/53}","{7, 165, 2.563367237596197, 1.136168031983779, 5/7}","{7, 211, 2.772001058463159, 1.057173562264584, 74/107}","{7, 161, 2.5139425497214236, 1.074253170128936, 31/41}","{7, 247, 2.8815805642356, 1.1574722180181565, 89/125}","{7, 205, 2.7240369946563954, 1.140437398892037, 10/13}","{7, 227, 2.700409076772248, 1.1045982526562166, 78/115}","{7, 231, 2.697389438993328, 0.9624546180657731, 76/117}","{7, 179, 2.628905487026109, 1.0942183499255518, 69/91}","{7, 229, 2.4741961761812443, 1.047593086251918, 95/116}","{7, 217, 2.790369084270285, 1.093006046879627, 38/55}","{7, 249, 2.5547584240771113, 0.8060091771504799, 2/3}","{7, 175, 2.619017919433787, 1.0223498338825276, 65/89}","{7, 221, 2.6606594541994815, 1.1392367446498382, 85/112}","{7, 205, 2.4628937551312235, 1.0239386388215337, 81/104}","{7, 285, 2.6103351192857325, 1.0933284652231154, 13/18}","{7, 195, 2.407231806260648, 1.0900498230723425, 8/11}","{7, 213, 2.499183184798289, 0.9715136121082378, 3/4}","{7, 137, 2.5777042630853213, 1.3112824629814002, 4/5}","{7, 221, 2.8033109842475215, 1.1019098314768212, 41/56}","{7, 331, 2.5703861987775447, 1.277041391697994, 110/167}"
"{8, 339, 2.559420342085657, 1.2432134311384015, 94/171}","{8, 455, 2.792565481190056, 1.298745040707776, 132/229}","{8, 431, 2.561719294182038, 1.1522220419985234, 131/217}","{8, 401, 2.8651340369079414, 1.3592259551968988, 58/101}","{8, 423, 2.8531319787414127, 1.2536067197400795, 127/213}","{8, 325, 2.8463565321387203, 1.2904534428966064, 55/82}","{8, 293, 2.613605949877895, 1.2949581895300706, 99/148}","{8, 221, 2.4935049097311324, 1.2118038077463151, 5/7}","{8, 307, 2.7194124659210357, 1.286975130038356, 22/31}","{8, 245, 2.5861561688227246, 1.1357793600811108, 41/62}","{8, 285, 2.620395444420801, 1.2318416923184388, 107/144}","{8, 383, 2.673058492744784, 1.1936567739325636, 129/193}","{8, 291, 2.758030457075928, 1.106229764668011, 97/147}","{8, 269, 2.6153555864133646, 1.1577154274230115, 91/136}","{8, 341, 2.7711738706575986, 1.2528764673360502, 115/172}","{8, 425, 2.9136924797577293, 1.4029373023978002, 113/214}","{8, 277, 2.841380607112138, 1.3559658443402887, 24/35}","{8, 357, 2.5689409729297856, 1.2558862031183862, 53/90}","{8, 353, 2.6112907571030903, 1.2327653999554684, 58/89}","{8, 353, 2.611290757103088, 1.1516315888545523, 101/178}","{8, 327, 2.7851851411209423, 1.1330550503962202, 98/165}","{8, 321, 2.7435428481669053, 1.1021898579366556, 16/27}","{8, 403, 2.754150515111992, 1.1688623045350053, 17/29}","{8, 365, 2.584027950135361, 1.041032712767486, 31/46}","{8, 385, 2.8342952812791427, 1.2705235177204361, 113/194}","{8, 351, 2.737923400409924, 1.538601910746723, 33/59}","{8, 271, 2.670129496677745, 1.1722606081617823, 88/137}","{8, 391, 2.611532340403703, 1.2903188838115354, 112/197}","{8, 249, 2.5654270052833974, 1.265036545052142, 85/126}","{8, 257, 2.5815124478305846, 1.347384223477774, 41/65}"
"{9, 547, 2.617999373780225, 1.2883841209046845, 142/275}","{9, 601, 2.557151641413732, 1.2917341634475814, 147/302}","{9, 653, 2.5508960892763772, 1.4566150678221985, 161/328}","{9, 587, 2.5330240315691688, 1.4611933132772974, 29/59}","{9, 581, 2.930628184012263, 1.4338289512922413, 143/292}","{9, 475, 2.7593024238695794, 1.4775371143202953, 138/239}","{9, 633, 2.710685662710563, 1.2174292587088253, 27/53}","{9, 563, 2.6279850065352086, 1.3883079422215399, 149/283}","{9, 451, 2.748411982231133, 1.3925457470249263, 139/227}","{9, 559, 3.109627233089977, 1.46724965689842, 145/281}","{9, 397, 2.603096066994997, 1.2455347381424569, 121/200}","{9, 459, 2.7499910080545695, 1.5347042537966376, 137/231}","{9, 467, 2.656025426842221, 1.3894754171619066, 131/235}","{9, 447, 2.802477580560883, 1.4086185960743063, 128/225}","{9, 435, 2.731026392876719, 1.4711132187793803, 42/73}","{9, 477, 2.6377443106438587, 1.1912922088714057, 29/48}","{9, 501, 2.4359315571244458, 1.2053641254883225, 4/7}","{9, 495, 2.6872007031635596, 1.183935635306134, 145/249}","{9, 619, 2.5769545250588703, 1.2831154389796546, 183/311}","{9, 541, 2.4704221482701754, 1.166880477994224, 67/136}","{9, 441, 2.759093422413068, 1.3263647335111974, 127/222}","{9, 515, 2.5425443262578145, 1.2100612800422974, 143/259}","{9, 729, 2.6097788414011602, 1.4008755402826574, 109/183}","{9, 447, 2.7293441851095412, 1.4653673898724466, 44/75}","{9, 477, 2.626045094066115, 1.1935364630805918, 7/12}","{9, 497, 3.042890738456695, 1.3261896985219965, 27/50}","{9, 543, 2.719750460137486, 1.2569886513912336, 146/273}","{9, 597, 2.520147722309247, 1.1482088227136271, 173/300}","{9, 571, 2.502438222060049, 1.3449710593208188, 172/287}","{9, 667, 2.4139167790881886, 1.1098563932743817, 183/335}"
"{10, 967, 2.6252259964305167, 1.2217673038007766, 231/485}","{10, 767, 2.6415081934237623, 1.3068097119996558, 174/385}","{10, 1033, 2.6402881342771187, 1.2019469082319256, 35/74}","{10, 1103, 2.6529888372737482, 1.2281291581638591, 282/553}","{10, 1031, 2.6789740644692634, 1.4874763959534738, 268/517}","{10, 643, 2.5579052668568285, 1.6643010216022571, 168/323}","{10, 539, 2.843872569278014, 1.4699858078394563, 138/271}","{10, 1017, 2.541624895739463, 1.5283811685880169, 251/510}","{10, 1021, 2.6577517618088913, 1.5595201526923659, 255/512}","{10, 683, 2.6269521184394002, 1.4676246865317029, 184/343}","{10, 987, 2.769613188478484, 1.3345289695024438, 233/495}","{10, 863, 2.7376064335254306, 1.3485190209037154, 216/433}","{10, 851, 2.684688726387497, 1.4848947893104134, 28/61}","{10, 867, 2.7442156717799504, 1.22366533477424, 217/435}","{10, 1007, 2.6316070956716784, 1.348108843540134, 238/505}","{10, 789, 2.7829199143908205, 1.4188958971901482, 50/99}","{10, 797, 2.664124714422518, 1.2663739603761588, 201/400}","{10, 739, 2.6130976104261614, 1.231770254052026, 213/371}","{10, 917, 2.7429594780176725, 1.3646836506405653, 45/92}","{10, 909, 2.7052699998353096, 1.3231051687033017, 31/57}","{10, 473, 2.659695797982207, 1.3483776123857492, 123/238}","{10, 873, 2.7023201122907676, 1.3324762404095893, 69/146}","{10, 815, 2.6552809366288512, 1.3266302214177563, 190/409}","{10, 767, 2.6280596176787157, 1.279124979931873, 197/385}","{10, 891, 2.615949654659928, 1.2561982041983093, 230/447}","{10, 891, 2.7582260392826625, 1.3125837018484583, 217/447}","{10, 687, 2.5964620704553654, 1.5037421022494248, 12/23}","{10, 955, 2.6288320079139575, 1.388812590775116, 230/479}","{10, 1039, 2.6525740240899505, 1.255732463106122, 245/521}","{10, 879, 2.7115272429972754, 1.5604628546551842, 233/441}"
"{11, 1269, 2.6365577517773127, 1.4761981897526868, 125/318}","{11, 1315, 2.7531059255615804, 1.3326330388869696, 271/659}","{11, 1023, 2.6689954316620796, 1.6023428912776658, 77/171}","{11, 1633, 2.8211810803480724, 1.4219211465065198, 347/818}","{11, 1289, 2.7529706431644865, 1.4281018465785016, 273/646}","{11, 1193, 2.7478294363698215, 1.7363206140900787, 255/598}","{11, 1537, 2.7384504557705966, 1.5208596365478158, 158/385}","{11, 1279, 2.7738562590583618, 1.3720877541149472, 289/641}","{11, 1475, 2.8234040194553263, 1.5861388987943754, 347/739}","{11, 1483, 2.6535190951450778, 1.419652882615327, 368/743}","{11, 1001, 2.668745259721176, 1.3468073908287224, 121/251}","{11, 1477, 2.537622837855183, 1.3913594836496552, 331/740}","{11, 851, 2.6785984476241698, 1.431273077316599, 215/427}","{11, 1099, 2.571823009393914, 1.506470671967245, 248/551}","{11, 1655, 2.6040379564473453, 1.550483584992359, 358/829}","{11, 1329, 2.6517579238204863, 1.537302144781733, 154/333}","{11, 1797, 2.6497653324655737, 1.3327116644908155, 131/300}","{11, 1705, 2.7731465734501954, 1.4024425893276156, 171/427}","{11, 1689, 2.611962858898893, 1.3972669657698094, 407/846}","{11, 1033, 2.795033115709161, 1.514879191576586, 283/518}","{11, 1651, 2.605288315058188, 1.4279401974165504, 358/827}","{11, 1807, 2.8263629888224937, 1.5543039451547531, 383/905}","{11, 1337, 2.74097188550044, 1.377792932884291, 311/670}","{11, 1463, 2.6335041040353198, 1.6032911454137413, 382/733}","{11, 1393, 2.610227056470743, 1.3264372014171648, 325/698}","{11, 1149, 2.858116161157651, 1.5257175392784326, 259/576}","{11, 1771, 2.6942963843912766, 1.4348493096398298, 360/887}","{11, 1657, 2.6945152041469065, 1.5274811478749502, 361/830}","{11, 1457, 2.7474371734146112, 1.3561079904448294, 65/146}","{11, 1877, 2.638548403612215, 1.5945900625723808, 99/235}"
"{12, 2385, 2.663741959387633, 1.5551915525695992, 487/1194}","{12, 1541, 2.733761365027968, 1.703096579640787, 76/193}","{12, 1677, 2.5736004691523515, 1.4469794902725164, 3/7}","{12, 1721, 2.59030259088791, 1.5240083544163567, 391/862}","{12, 2511, 2.6475894661788066, 1.7228353762856365, 164/419}","{12, 1787, 2.723347531625746, 1.6140869377284441, 371/895}","{12, 2711, 2.742445391921884, 1.6658808685297846, 550/1357}","{12, 1731, 2.579674149941127, 1.4943156699072953, 314/867}","{12, 2595, 2.8043061176042645, 1.6131687765986833, 554/1299}","{12, 2533, 2.7953387055028687, 1.7658834782003496, 133/317}","{12, 1953, 2.6519683271760512, 1.5334480736158709, 194/489}","{12, 1715, 2.618695950197505, 1.5274230804413813, 354/859}","{12, 2141, 2.73247377143654, 1.7372126123697897, 113/268}","{12, 2191, 2.714617865092425, 1.5602173856529251, 433/1097}","{12, 2179, 2.697350316856062, 1.6734979424040037, 449/1091}","{12, 1891, 2.637442280482793, 1.4040033756812016, 351/947}","{12, 2679, 2.8579898894240965, 1.7428981840417102, 61/149}","{12, 2731, 2.6583741855891385, 1.4515764516633891, 555/1367}","{12, 2365, 2.698285257676995, 1.6595051630437685, 443/1184}","{12, 1919, 2.597232577363182, 1.614408571712996, 422/961}","{12, 2651, 2.7842389188048497, 1.6237399554441712, 544/1327}","{12, 2783, 2.6432036309754943, 1.4980286738465358, 607/1393}","{12, 2251, 2.771711075000291, 1.6336489930856866, 487/1127}","{12, 2011, 2.6618358879368746, 1.5527095515704283, 377/1007}","{12, 2017, 2.663976747391565, 1.5614016319248452, 409/1010}","{12, 2467, 2.7397984160339326, 1.6603081265098234, 467/1235}","{12, 2423, 2.747641707275988, 1.599252166480961, 446/1213}","{12, 2111, 2.709890254173136, 1.5533155498987992, 435/1057}","{12, 2341, 2.717505035549506, 1.62548813229019, 421/1172}","{12, 2015, 2.6772409830149138, 1.4544982203744719, 415/1009}"
"{13, 2899, 2.688852523509042, 1.6067986335889304, 535/1451}","{13, 3705, 2.6756178441065392, 1.599518667728457, 701/1854}","{13, 3035, 2.6883950357642523, 1.7852823652068142, 653/1519}","{13, 3077, 2.6947725650742975, 1.5669660379709875, 53/140}","{13, 2601, 2.7243792285064004, 1.6957239779337967, 244/651}","{13, 4751, 2.7238364457159943, 1.6173193238039434, 856/2377}","{13, 4289, 2.74565192458819, 1.6923850285489823, 821/2146}","{13, 3105, 2.7076226213655854, 1.5983009066840117, 281/777}","{13, 3651, 2.937129185667439, 1.887374009768553, 206/609}","{13, 3813, 2.7020022565809967, 1.5623488681789035, 695/1908}","{13, 3463, 2.6753485612880135, 1.4462836579928398, 566/1733}","{13, 3199, 2.8456755871308426, 1.7521032243940187, 577/1601}","{13, 3301, 2.664360225419048, 1.5395096966492376, 303/826}","{13, 2753, 2.6699708865574694, 1.5915736284202002, 266/689}","{13, 3453, 2.6729949047048285, 1.5898344903836237, 107/288}","{13, 3383, 2.5960810231047864, 1.6939475503939831, 633/1693}","{13, 3247, 2.6678148950513014, 1.554453807251397, 609/1625}","{13, 4107, 2.7453366398761405, 1.6666394689048494, 764/2055}","{13, 5405, 2.7006486720884655, 1.7466208588910421, 983/2704}","{13, 3655, 2.7667611492513515, 1.6225172371896401, 617/1829}","{13, 3195, 2.855560833708325, 1.849461873090305, 1/3}","{13, 3091, 2.8051069472159695, 1.6737520795289345, 71/221}","{13, 2753, 2.687620706249453, 1.731647757768171, 239/689}","{13, 3483, 2.7132219592861935, 1.6839264048623919, 698/1743}","{13, 3327, 2.7233763828409483, 1.6258709040330341, 601/1665}","{13, 3661, 2.6546553380741833, 1.6525798338869082, 349/916}","{13, 3245, 2.755924355227394, 1.620303894318088, 601/1624}","{13, 2691, 2.755305127923165, 1.4751721841324879, 481/1347}","{13, 3625, 2.773187617211436, 1.5425201491567053, 322/907}","{13, 3081, 2.744000088918605, 1.6695874873631613, 305/771}"
"{14, 5639, 2.88424108635263, 1.7270531211066693, 80/217}","{14, 5857, 2.701732071454292, 1.7505258367101146, 449/1465}","{14, 5323, 2.6963827304592356, 1.6793763288225785, 974/2663}","{14, 5765, 2.5968167779937823, 1.7588578009574323, 218/721}","{14, 6175, 2.6997669964246964, 1.859321517597967, 968/3089}","{14, 4949, 2.7622301530340208, 1.811539510179658, 835/2476}","{14, 6015, 2.725109480700024, 1.6753700684904593, 989/3009}","{14, 6285, 2.8224848385903902, 1.7449768408168598, 1015/3144}","{14, 4929, 2.6814116115640663, 1.8586006629261602, 155/411}","{14, 5391, 2.6842819636037283, 1.7241306419001612, 881/2697}","{14, 5565, 2.705074942234483, 1.8879362973728622, 877/2784}","{14, 5437, 2.8304394011023115, 1.7675705192528444, 243/680}","{14, 5145, 2.666362437086428, 1.747782718407709, 425/1287}","{14, 5185, 2.785540796082821, 1.705295152632497, 456/1297}","{14, 7901, 2.7673188407117184, 1.7263841950089454, 79/247}","{14, 7691, 2.6729585038191623, 1.6887854495360106, 1250/3847}","{14, 5473, 2.7949452449445595, 1.7140682349037466, 25/74}","{14, 2635, 2.7613377702651642, 1.6329041566894356, 533/1319}","{14, 6429, 2.860878269974905, 1.786766522340231, 1085/3216}","{14, 3187, 2.7033582654893755, 1.9096891368397113, 547/1595}","{14, 4545, 2.858875135538412, 1.8316822425983827, 433/1137}","{14, 6367, 2.6870779955203843, 1.7828517008211444, 29/91}","{14, 5727, 2.7001855870637668, 1.6938585378720137, 301/955}","{14, 6285, 2.7428813858230057, 1.797708788137545, 1073/3144}","{14, 6311, 2.732294200744126, 1.8755858459497359, 949/3157}","{14, 5499, 2.7204810819666414, 1.8104398203972782, 40/131}","{14, 5509, 2.565961054820762, 1.7100352363281905, 963/2756}","{14, 6293, 2.7036425250115093, 1.7832173804639775, 491/1574}","{14, 5341, 2.683525513200633, 1.7437130033703743, 437/1336}","{14, 4521, 2.701480847855437, 1.8757996540410105, 415/1131}"
"{15, 9015, 2.827416875774764, 1.784104011349745, 1553/4509}","{15, 8553, 2.7011870468960053, 1.910716550970434, 7/23}","{15, 6881, 2.7611972283249866, 1.8066965101982868, 512/1721}","{15, 6881, 2.6708297232628255, 1.7464934454029115, 1121/3442}","{15, 8917, 2.7663544149107606, 1.7812117878538443, 703/2230}","{15, 9245, 2.769313871616316, 1.7915422444197464, 1357/4624}","{15, 6743, 2.8109767501877134, 1.9372322063739056, 1103/3373}","{15, 9689, 2.8217350224598725, 1.8974574733771865, 814/2423}","{15, 7017, 2.883650093305483, 2.0245726908163317, 1151/3510}","{15, 7533, 2.796017687750958, 1.9895757350586165, 403/1256}","{15, 9395, 2.768172161544634, 1.8687499108512373, 1384/4699}","{15, 7491, 2.683091710252886, 1.8272403893107458, 1129/3747}","{15, 9373, 2.871216934908494, 1.8932693790797623, 165/586}","{15, 7593, 2.6899625912192775, 2.0389158734248567, 1115/3798}","{15, 9683, 2.7393486084316847, 1.7526962957714274, 1339/4843}","{15, 8021, 2.6932008218828716, 1.8603895026341186, 549/2006}","{15, 8229, 2.6445836009618753, 1.7359673704695135, 289/1029}","{15, 6655, 2.8065523028519057, 2.0069573107546033, 1107/3329}","{15, 9791, 2.678325154964765, 1.8731158530876861, 1460/4897}","{15, 8401, 2.7255220784273697, 1.6740857169207581, 111/382}","{15, 7591, 2.7999130650880235, 1.797203615526233, 1230/3797}","{15, 8127, 2.6761938025833683, 1.7048183563161965, 1229/4065}","{15, 8293, 2.836914171508425, 1.8401226275799256, 296/1037}","{15, 10057, 2.7341457916216347, 1.7287682000115545, 763/2515}","{15, 8125, 2.8042605476528206, 1.8776740489213164, 1291/4064}","{15, 9961, 2.8664384911204626, 1.779039370861007, 1653/4982}","{15, 8727, 2.858750521148536, 1.7213569374213629, 1229/4365}","{15, 10647, 2.8850601312958957, 1.841985893723647, 1754/5325}","{15, 7107, 2.761593680227512, 1.7542437663188393, 1126/3555}","{15, 12579, 2.723762483900235, 1.7562511556528386, 1792/6291}"
"{16, 9403, 2.672690822793837, 1.8467466581526921, 1457/4703}","{16, 12103, 2.7641299859371484, 1.8749223643211808, 1706/6053}","{16, 10863, 2.734955167846271, 1.9760134305437984, 1519/5433}","{16, 12585, 2.7918327377570837, 1.8724490365113564, 1799/6294}","{16, 17291, 2.738965927648791, 1.878584114822554, 2377/8647}","{16, 10139, 2.7088933178258086, 1.8655474336161577, 1465/5071}","{16, 13685, 2.765799942386718, 2.0034667345724, 909/3422}","{16, 13065, 2.7795622685042014, 1.979016551498035, 848/3267}","{16, 15533, 2.711182998964739, 1.9182642394684999, 274/971}","{16, 14981, 2.734515460090541, 1.8753357958918042, 1117/3746}","{16, 9767, 2.713919881807563, 1.9202163410518798, 1443/4885}","{16, 14113, 2.9001807612591874, 1.9854284807617375, 987/3529}","{16, 11579, 2.765302484810385, 1.9210601223788377, 1722/5791}","{16, 16061, 2.724040251419789, 1.9783962225109724, 141/502}","{16, 10453, 2.8004598175738926, 1.8881129855893537, 405/1307}","{16, 12355, 2.7898881079538285, 1.8355350722953503, 1839/6179}","{16, 13799, 2.8432700985001897, 1.9954009966153898, 1896/6901}","{16, 10471, 2.81533348503617, 1.8821856550560954, 1335/5237}","{16, 10515, 2.7624510608238, 1.898851509070809, 1705/5259}","{16, 10727, 2.8326421546315634, 1.9328843944609846, 1534/5365}","{16, 13483, 2.8354799430211215, 2.086425249145515, 170/613}","{16, 14665, 2.7373240781627355, 2.0038649739572, 1024/3667}","{16, 11231, 2.748897944517203, 1.9802301025420683, 1539/5617}","{16, 12025, 2.846922673164046, 1.8858794662860143, 871/3007}","{16, 11721, 2.7883988785332923, 1.934453905181963, 929/2931}","{16, 18285, 2.7449621718751365, 1.9625386480327633, 2603/9144}","{16, 10663, 2.8186520351871485, 1.8417230149430202, 1498/5333}","{16, 12411, 2.696635142832659, 1.912450271561126, 1699/6207}","{16, 13945, 2.678754836012153, 1.8126969884621256, 171/634}","{16, 10571, 2.7583591557924994, 1.946455954685729, 78/311}"
"{17, 23993, 2.697807975889927, 2.021475592605747, 1515/5999}","{17, 20371, 2.78339051972605, 2.222274955073868, 2646/10187}","{17, 17895, 2.731195378442829, 1.8654931055836312, 2446/8949}","{17, 18025, 2.774868191920144, 2.0324148219247795, 2389/9014}","{17, 17881, 2.8383069230709093, 2.115466013346048, 1217/4471}","{17, 18193, 2.737512302092062, 1.974684994823692, 1233/4549}","{17, 15251, 2.830929381988103, 2.0284985229748713, 70/263}","{17, 19257, 2.7647556092785774, 2.050877665346864, 1313/4815}","{17, 17919, 2.7230697156964796, 1.9367756401387815, 2230/8961}","{17, 20517, 2.704867073344166, 1.9258216286211465, 224/855}","{17, 20983, 2.844609375687603, 2.1131541408892542, 2937/10493}","{17, 13883, 2.768046259258931, 2.1018078930435213, 1830/6943}","{17, 19929, 2.789360225103039, 1.9799433558022164, 2689/9966}","{17, 20773, 2.8204112356462283, 2.081232202748706, 407/1484}","{17, 18137, 2.764352962056093, 2.0898015606921474, 1241/4535}","{17, 17501, 2.9072210408232624, 1.8787865355888531, 2603/8752}","{17, 17421, 2.759419682357947, 1.8802166779296754, 881/2904}","{17, 17925, 2.759714501186624, 1.862813174509972, 628/2241}","{17, 16321, 2.714995851206748, 1.9983996056111855, 2197/8162}","{17, 16335, 2.730799859770228, 2.096853712760803, 726/2723}","{17, 13211, 2.7735869473185133, 2.0361771175564605, 1659/6607}","{17, 21869, 2.716662788268389, 2.142430026595187, 371/1367}","{17, 18863, 2.689249869898818, 2.0999427662689376, 2553/9433}","{17, 16453, 2.697480375507861, 2.0037429950763745, 582/2057}","{17, 23453, 2.674221384525194, 1.9601259722669162, 3179/11728}","{17, 15631, 2.8555714785888693, 1.878896185096576, 2212/7817}","{17, 17531, 2.768295151776513, 2.213438365573465, 2190/8767}","{17, 20685, 2.7963083272230427, 2.058254743055793, 1337/5172}","{17, 24131, 2.5721806624615313, 1.9410018975282248, 2999/12067}","{17, 17087, 2.745740764809312, 2.0041402810124778, 2367/8545}"
"{18, 20269, 2.723121608791453, 2.1187685926096855, 683/2534}","{18, 29353, 2.7571104454512847, 2.0489258072916727, 3449/14678}","{18, 27691, 2.7941832061401635, 2.0615604857402885, 3279/13847}","{18, 29967, 2.7932603919160255, 2.12200530613421, 3913/14985}","{18, 38627, 2.7152811552642517, 2.1307241360749214, 4462/19315}","{18, 23169, 2.780838795791162, 2.1164700834191876, 1577/5793}","{18, 45117, 2.7484891998038723, 2.107232102382325, 5309/22560}","{18, 24281, 2.7881737040824213, 2.222691613649819, 3161/12142}","{18, 28107, 2.767279501827419, 2.108794004210026, 1161/4685}","{18, 25933, 2.7778432970492744, 2.015308045077802, 3249/12968}","{18, 31589, 2.8467775204484718, 2.141152123964713, 3855/15796}","{18, 23467, 2.7932867377676027, 2.035140234536941, 628/2347}","{18, 24209, 2.772192436156317, 2.1531621665123786, 3057/12106}","{18, 27183, 2.7045658183960986, 2.065022194061462, 3602/13593}","{18, 24781, 2.8349075320006105, 1.9813784577443783, 1557/6196}","{18, 33233, 2.7346213375345054, 2.050320473229758, 1853/8309}","{18, 26879, 2.788568825667272, 2.0918264752798965, 3378/13441}","{18, 29191, 2.8661612433360015, 2.090558357537352, 3516/14597}","{18, 32313, 2.769922793946927, 2.035497971033745, 1880/8079}","{18, 24075, 2.8358819912338813, 2.2349353684219335, 3035/12039}","{18, 37227, 2.8053171558513417, 2.2242876340749005, 4391/18615}","{18, 24151, 2.8554947471447814, 2.117914308263888, 3291/12077}","{18, 30439, 2.759809210725011, 2.141538364480049, 3746/15221}","{18, 28109, 2.763731006517232, 2.2010194504557066, 813/3514}","{18, 36725, 2.7720589632521233, 2.124409347259981, 1220/4591}","{18, 29239, 2.747117458446157, 2.156563740682483, 4050/14621}","{18, 34243, 2.7845177161742267, 2.188901079674366, 4029/17123}","{18, 30375, 2.7513743837935207, 2.1343383034598076, 1225/5063}","{18, 24147, 2.728317873276142, 2.0536693869637044, 389/1725}","{18, 42691, 2.7439796563092633, 2.030148271323329, 5048/21347}"
"{19, 40005, 2.7411940747713226, 2.105456208512905, 4805/20004}","{19, 32741, 2.7735827056737916, 2.1393070162177668, 1044/4093}","{19, 37097, 2.8860573559498364, 2.432749892791776, 1872/9275}","{19, 38359, 2.821959510758128, 2.1728343275305404, 4476/19181}","{19, 56079, 2.7994280128189977, 2.1250371038086207, 2033/9347}","{19, 45049, 2.8704070304504787, 2.181027924379675, 5177/22526}","{19, 35545, 2.670157129548376, 2.1687782203372565, 4089/17774}","{19, 40945, 2.877058714773015, 2.0717926539962312, 2607/10237}","{19, 60299, 2.7286216673011157, 2.1727857936311277, 7144/30151}","{19, 44181, 2.7292105688615282, 2.139057309048202, 439/1841}","{19, 54699, 2.7802390244631123, 2.147879750041377, 5851/27351}","{19, 56835, 2.7186601201262666, 2.1573931490829357, 6412/28419}","{19, 55227, 2.7716905574364317, 2.1871531491637515, 6361/27615}","{19, 37773, 2.709485528460628, 2.307263651019434, 628/2361}","{19, 52883, 2.6608068724035117, 2.194930760100562, 5827/26443}","{19, 53933, 2.7070075375983245, 2.0229369386078697, 5805/26968}","{19, 53321, 2.713809312161141, 2.133184383348194, 6297/26662}","{19, 46433, 2.726424816808184, 2.2309311363454594, 2880/11609}","{19, 46435, 2.682964457990331, 2.1923731208220754, 5031/23219}","{19, 51547, 2.7479634649119564, 2.16798152412383, 5921/25775}","{19, 40919, 2.784129754930113, 2.13485479945855, 4887/20461}","{19, 56303, 2.7017827380744555, 2.133257135380903, 6621/28153}","{19, 45047, 2.71930457552012, 2.177856043891011, 5086/22525}","{19, 46637, 2.75560666335311, 2.1135782718263743, 5473/23320}","{19, 42883, 2.816971204134119, 2.10519811673593, 4864/21443}","{19, 53673, 2.7543158171421003, 2.1395096584647724, 1955/8946}","{19, 45843, 2.8031258291215297, 2.2540773967737056, 4996/22923}","{19, 37333, 2.7705506303294127, 2.085094528857482, 2221/9334}","{19, 35655, 2.705728504999813, 2.1908552393926213, 467/1981}","{19, 35865, 2.857496373882236, 2.289087264705488, 310/1281}"
"{20, 78279, 2.8101390336731176, 2.294853861267973, 9014/39141}","{20, 61327, 2.8260496355956026, 2.2970729417924756, 6012/30665}","{20, 64725, 2.7489135690116067, 2.2109354648747566, 7201/32364}","{20, 56023, 2.815760631408937, 2.1430092432745735, 5916/28013}","{20, 68937, 2.78446181338431, 2.2096944819750046, 7459/34470}","{20, 70745, 2.7824844931290067, 2.3789613471508764, 3867/17687}","{20, 65417, 2.825773217168843, 2.1979974133179043, 1371/6542}","{20, 68953, 2.7784842821025575, 2.32289890414376, 7233/34478}","{20, 55889, 2.725680628131478, 2.1539748841383295, 3053/13973}","{20, 74903, 2.8308521426049347, 2.2189295879611657, 8140/37453}","{20, 67653, 2.7736286742676315, 2.3513974804499234, 2383/11276}","{20, 67441, 2.875912887061793, 2.409688937213125, 3265/16861}","{20, 70807, 2.8184203736640536, 2.32710815265714, 7292/35405}","{20, 71323, 2.8001756625716316, 2.312523822628622, 8263/35663}","{20, 71423, 2.8582606961392387, 2.4285933238029167, 8004/35713}","{20, 82395, 2.759397125342612, 2.3121416066587788, 8645/41199}","{20, 88165, 2.878899032925748, 2.344726612945524, 4857/22042}","{20, 87407, 2.764321301650179, 2.269293790032908, 9322/43705}","{20, 74405, 2.8087637118067863, 2.3679044650220207, 8313/37204}","{20, 70009, 2.739606698762735, 2.30778776351378, 3803/17503}","{20, 76855, 2.797418457005822, 2.2108454743640156, 7978/38429}","{20, 70791, 2.7816727963526717, 2.2894660917257283, 880/3933}","{20, 56123, 2.792953878364295, 2.2433590501407754, 6588/28063}","{20, 73935, 2.7404622156285385, 2.2099315470712346, 2599/12323}","{20, 75157, 2.7995360793065465, 2.3986691785365086, 8211/37580}","{20, 80637, 2.816129927237722, 2.2438492449382164, 569/2688}","{20, 76421, 2.7617568140182853, 2.309236414886602, 8057/38212}","{20, 46773, 2.7825950767331697, 2.1511501890443796, 4735/23388}","{20, 52297, 2.751280122425361, 2.3519985388969844, 113/523}","{20, 57307, 2.8078205708914603, 2.375400417324009, 5633/28655}"
